Library Name,Plate location,Sample Index,Sequence File Name,X5,IlluminaIndex,Library Index,Plate ID,Genidaqs ID,SampleDate,Birth Year (HOBBS),X12,Stock Conc.,Units,DNA to add,H20 to add,X17,X18,Fork Length,X20,Sample_ID,Year,Survey,Number,X1,new_id,old_id,old_classes,aggregated_new_classes,change,new_classes,station,lat,lon,sex,Pheno,SexPheno,SexChar,Reads,Dedup,Cov,Path
BMAG048,A05,AACGTGAT,Ht20-33_2012_A05,Ht20-33,Index20,GTGGCC,SFC_09_10,6196,7-Feb-13,2012,NA,23.04,ng/킠,6.5,3.5,NA,NA,72,NA,2013-SKT-6196,2013,SKT,6196,1524,2013_SKT_6196,2013_SKT_6196,MIG,MIG,0,FWM1,508,38.04719444,-121.923,1,0,0,Female,2197581,1237824,0.200682,data/redo/Ht20-33_2012_A05.sort.flt.bam
BMAG048,A06,CGCTGATC,Ht20-41_2012_A06,Ht20-41,Index20,GTGGCC,SFC_09_10,6198,7-Feb-13,2012,NA,41.21,ng/킠,3.6,6.4,NA,NA,72,NA,2013-SKT-6198,2013,SKT,6198,1525,2013_SKT_6198,2013_SKT_6198,MIG,MIG,0,FWM1,606,38.16938889,-122.022,1,0,0,Female,1450450,825414,0.133709,data/redo/Ht20-41_2012_A06.sort.flt.bam
BMAG048,A08,ATGCCTAA,Ht20-57_2012_A08,Ht20-57,Index20,GTGGCC,SFC_09_10,6205,7-Feb-13,2012,NA,42.24,ng/킠,3.6,6.4,NA,NA,70,NA,2013-SKT-6205,2013,SKT,6205,1527,2013_SKT_6205,2013_SKT_6205,MIG,MIG,0,FWM2,606,38.16938889,-122.022,2,0,1,Male,7592651,3673758,0.593354,data/redo/Ht20-57_2012_A08.sort.flt.bam
BMAG048,A11,CATCAAGT,Ht20-81_2012_A11,Ht20-81,Index20,GTGGCC,SFC_09_10,6208,9-Jan-13,2012,NA,37.94,ng/킠,4,6,NA,NA,69,NA,2013-SKT-6208,2013,SKT,6208,1529,2013_SKT_6208,2013_SKT_6208,MIG,MIG,0,FWM1,707,38.11391667,-121.706,1,0,0,Female,7880528,3821634,0.617101,data/redo/Ht20-81_2012_A11.sort.flt.bam
BMAG048,B02,AACCGAGA,Ht20-10_2012_B02,Ht20-10,Index20,GTGGCC,SFC_09_10,6211,9-Jan-13,2012,NA,46.34,ng/킠,3.2,6.8,NA,NA,65,NA,2013-SKT-6211,2013,SKT,6211,1532,2013_SKT_6211,2013_SKT_6211,FWR,FWR,0,FWR1,719,38.33554,-121.646902,1,1,0,Female,4927677,2532510,0.408127,data/redo/Ht20-10_2012_B02.sort.flt.bam
BMAG048,B03,AACGCTTA,Ht20-18_2012_B03,Ht20-18,Index20,GTGGCC,SFC_09_10,6212,9-Jan-13,2012,NA,48.8,ng/킠,3.1,6.9,NA,NA,66,NA,2013-SKT-6212,2013,SKT,6212,1533,2013_SKT_6212,2013_SKT_6212,FWR,FWR,0,FWR1,719,38.33554,-121.646902,1,1,0,Female,1453597,835488,0.135496,data/redo/Ht20-18_2012_B03.sort.flt.bam
BMAG048,B04,AAGACGGA,Ht20-26_2012_B04,Ht20-26,Index20,GTGGCC,SFC_09_10,6213,9-Jan-13,2012,NA,45.02,ng/킠,3.3,6.7,NA,NA,69,NA,2013-SKT-6213,2013,SKT,6213,1534,2013_SKT_6213,2013_SKT_6213,FWR,FWR,0,FWR1,719,38.33554,-121.646902,2,1,1,Male,2053480,1159259,0.187861,data/redo/Ht20-26_2012_B04.sort.flt.bam
BMAG048,B06,ACACAGAA,Ht20-42_2012_B06,Ht20-42,Index20,GTGGCC,SFC_09_10,6215,9-Jan-13,2012,NA,48.94,ng/킠,3.1,6.9,NA,NA,66,NA,2013-SKT-6215,2013,SKT,6215,1536,2013_SKT_6215,2013_SKT_6215,FWR,FWR,0,FWR1,719,38.33554,-121.646902,2,1,1,Male,2944559,1600840,0.258677,data/redo/Ht20-42_2012_B06.sort.flt.bam
BMAG048,B08,ACCTCCAA,Ht20-58_2012_B08,Ht20-58,Index20,GTGGCC,SFC_09_10,6217,9-Jan-13,2012,NA,48.24,ng/킠,3.1,6.9,NA,NA,64,NA,2013-SKT-6217,2013,SKT,6217,1538,2013_SKT_6217,2013_SKT_6217,FWR,FWR,0,FWR1,719,38.33554,-121.646902,1,1,0,Female,1875716,1056920,0.170535,data/redo/Ht20-58_2012_B08.sort.flt.bam
BMAG048,B09,ACGCTCGA,Ht20-66_2012_B09,Ht20-66,Index20,GTGGCC,SFC_09_10,6218,9-Jan-13,2012,NA,32.28,ng/킠,4.6,5.4,NA,NA,69,NA,2013-SKT-6218,2013,SKT,6218,1539,2013_SKT_6218,2013_SKT_6218,MIG,MIG,0,FWM2,719,38.33554,-121.646902,1,0,0,Female,1524878,866567,0.140253,data/redo/Ht20-66_2012_B09.sort.flt.bam
BMAG048,C03,AGTCACTA,Ht20-19_2012_C03,Ht20-19,Index20,GTGGCC,SFC_09_10,6224,9-Jan-13,2012,NA,44.48,ng/킠,3.4,6.6,NA,NA,65,NA,2013-SKT-6224,2013,SKT,6224,1545,2013_SKT_6224,2013_SKT_6224,FWR,FWR,0,FWR1,719,38.33554,-121.646902,2,1,1,Male,4015286,2116082,0.341326,data/redo/Ht20-19_2012_C03.sort.flt.bam
BMAG048,C06,CAACCACA,Ht20-43_2012_C06,Ht20-43,Index20,GTGGCC,SFC_09_10,6227,9-Jan-13,2012,NA,50.28,ng/킠,3,7,NA,NA,65,NA,2013-SKT-6227,2013,SKT,6227,1548,2013_SKT_6227,2013_SKT_6227,FWR,FWR,0,FWR1,719,38.33554,-121.646902,1,1,0,Female,5630990,2870316,0.463106,data/redo/Ht20-43_2012_C06.sort.flt.bam
BMAG048,C07,CAAGACTA,Ht20-51_2012_C07,Ht20-51,Index20,GTGGCC,SFC_09_10,6228,9-Jan-13,2012,NA,211.78,ng/킠,1,9,NA,NA,70,NA,2013-SKT-6228,2013,SKT,6228,1549,2013_SKT_6228,2013_SKT_6228,FWR,FWR,0,FWR1,719,38.33554,-121.646902,1,1,0,Female,1846226,1039024,0.168264,data/redo/Ht20-51_2012_C07.sort.flt.bam
BMAG048,C08,CAATGGAA,Ht20-59_2012_C08,Ht20-59,Index20,GTGGCC,SFC_09_10,6229,9-Jan-13,2012,NA,39.35,ng/킠,3.8,6.2,NA,NA,58,NA,2013-SKT-6229,2013,SKT,6229,1550,2013_SKT_6229,2013_SKT_6229,FWR,FWR,0,FWR1,719,38.33554,-121.646902,2,1,1,Male,2032019,1148722,0.186016,data/redo/Ht20-59_2012_C08.sort.flt.bam
BMAG048,C09,CACTTCGA,Ht20-67_2012_C09,Ht20-67,Index20,GTGGCC,SFC_09_10,6230,9-Jan-13,2012,NA,43.34,ng/킠,3.5,6.5,NA,NA,67,NA,2013-SKT-6230,2013,SKT,6230,1551,2013_SKT_6230,2013_SKT_6230,FWR,FWR,0,FWR1,719,38.33554,-121.646902,1,1,0,Female,1594606,921524,0.149157,data/redo/Ht20-67_2012_C09.sort.flt.bam
BMAG048,C10,CAGCGTTA,Ht20-75_2012_C10,Ht20-75,Index20,GTGGCC,SFC_09_10,6231,9-Jan-13,2012,NA,46.66,ng/킠,3.2,6.8,NA,NA,66,NA,2013-SKT-6231,2013,SKT,6231,1552,2013_SKT_6231,2013_SKT_6231,FWR,FWR,0,FWR1,719,38.33554,-121.646902,2,1,1,Male,1895102,1069806,0.173043,data/redo/Ht20-75_2012_C10.sort.flt.bam
BMAG048,D08,CTGAGCCA,Ht20-60_2012_D08,Ht20-60,Index20,GTGGCC,SFC_09_10,6241,9-Jan-13,2012,NA,46.5,ng/킠,3.2,6.8,NA,NA,65,NA,2013-SKT-6241,2013,SKT,6241,1561,2013_SKT_6241,2013_SKT_6241,FWR,FWR,0,FWR1,719,38.33554,-121.646902,2,1,1,Male,3331739,1788104,0.289473,data/redo/Ht20-60_2012_D08.sort.flt.bam
BMAG048,D10,GAATCTGA,Ht20-76_2012_D10,Ht20-76,Index20,GTGGCC,SFC_09_10,6243,9-Jan-13,2012,NA,47.82,ng/킠,3.1,6.9,NA,NA,64,NA,2013-SKT-6243,2013,SKT,6243,1563,2013_SKT_6243,2013_SKT_6243,FWR,FWR,0,FWR1,719,38.33554,-121.646902,1,1,0,Female,3327768,1806292,0.292581,data/redo/Ht20-76_2012_D10.sort.flt.bam
BMAG048,E01,GATAGACA,Ht20-05_2012_E01,Ht20-5,Index20,GTGGCC,SFC_09_10,6246,9-Jan-13,2012,NA,41.96,ng/킠,3.6,6.4,NA,NA,65,NA,2013-SKT-6246,2013,SKT,6246,1566,2013_SKT_6246,2013_SKT_6246,FWR,FWR,0,FWR1,719,38.33554,-121.646902,1,1,0,Female,2843500,1545943,0.250121,data/redo/Ht20-05_2012_E01.sort.flt.bam
BMAG048,E04,GCTAACGA,Ht20-29_2012_E04,Ht20-29,Index20,GTGGCC,SFC_09_10,6249,9-Jan-13,2012,NA,50,ng/킠,3,7,NA,NA,64,NA,2013-SKT-6249,2013,SKT,6249,1569,2013_SKT_6249,2013_SKT_6249,FWR,FWR,0,FWR1,719,38.33554,-121.646902,1,1,0,Female,1415662,809745,0.131304,data/redo/Ht20-29_2012_E04.sort.flt.bam
BMAG048,E06,GGAGAACA,Ht20-45_2012_E06,Ht20-45,Index20,GTGGCC,SFC_09_10,6251,9-Jan-13,2012,NA,1368.59,ng/킠,1,9,NA,NA,67,NA,2013-SKT-6251,2013,SKT,6251,1570,2013_SKT_6251,2013_SKT_6251,FWR,FWR,0,FWR1,719,38.33554,-121.646902,1,1,0,Female,1839177,1032174,0.166946,data/redo/Ht20-45_2012_E06.sort.flt.bam
BMAG048,E11,GTGTTCTA,Ht20-85_2012_E11,Ht20-85,Index20,GTGGCC,SFC_09_10,6256,9-Jan-13,2012,NA,226.5,ng/킠,1,9,NA,NA,65,NA,2013-SKT-6256,2013,SKT,6256,1575,2013_SKT_6256,2013_SKT_6256,FWR,FWR,0,FWR1,715,38.22219444,-121.672,1,1,0,Female,2382573,1333109,0.215989,data/redo/Ht20-85_2012_E11.sort.flt.bam
BMAG048,E12,TAGGATGA,Ht20-93_2012_E12,Ht20-93,Index20,GTGGCC,SFC_09_10,6257,9-Jan-13,2012,NA,47.28,ng/킠,3.2,6.8,NA,NA,74,NA,2013-SKT-6257,2013,SKT,6257,1576,2013_SKT_6257,2013_SKT_6257,MIG,MIG,0,FWM1,715,38.22219444,-121.672,2,0,1,Male,2755069,1516063,0.244891,data/redo/Ht20-93_2012_E12.sort.flt.bam
BMAG048,F05,TGGAACAA,Ht20-38_2012_F05,Ht20-38,Index20,GTGGCC,SFC_09_10,6262,10-Jan-13,2012,NA,41.94,ng/킠,3.6,6.4,NA,NA,70,NA,2013-SKT-6262,2013,SKT,6262,1581,2013_SKT_6262,2013_SKT_6262,MIG,MIG,0,FWM1,606,38.16938889,-122.022,1,0,0,Female,1654866,943259,0.15293,data/redo/Ht20-38_2012_F05.sort.flt.bam
BMAG048,F08,TTCACGCA,Ht20-62_2012_F08,Ht20-62,Index20,GTGGCC,SFC_09_10,6265,10-Jan-13,2012,NA,67.81,ng/킠,2.2,7.8,NA,NA,64,NA,2013-SKT-6265,2013,SKT,6265,1584,2013_SKT_6265,2013_SKT_6265,MIG,MIG,0,FWM1,606,38.16938889,-122.022,1,0,0,Female,2275325,1271746,0.2058,data/redo/Ht20-62_2012_F08.sort.flt.bam
BMAG048,F12,AATCCGTC,Ht20-94_2012_F12,Ht20-94,Index20,GTGGCC,SFC_09_10,6271,10-Jan-13,2012,NA,48.36,ng/킠,3.1,6.9,NA,NA,67,NA,2013-SKT-6271,2013,SKT,6271,1588,2013_SKT_6271,2013_SKT_6271,BWR,MIG,1,FWM2,606,38.16938889,-122.022,2,0,1,Male,1800984,1005925,0.16258,data/redo/Ht20-94_2012_F12.sort.flt.bam
BMAG048,G03,ACAGATTC,Ht20-23_2012_G03,Ht20-23,Index20,GTGGCC,SFC_09_10,6274,10-Jan-13,2012,NA,49.06,ng/킠,3.1,6.9,NA,NA,74,NA,2013-SKT-6274,2013,SKT,6274,1591,2013_SKT_6274,2013_SKT_6274,MIG,MIG,0,FWM1,606,38.16938889,-122.022,2,0,1,Male,5076229,2607542,0.421267,data/redo/Ht20-23_2012_G03.sort.flt.bam
BMAG048,G10,ATTGGCTC,Ht20-79_2012_G10,Ht20-79,Index20,GTGGCC,SFC_09_10,6281,10-Jan-13,2012,NA,42.17,ng/킠,3.6,6.4,NA,NA,69,NA,2013-SKT-6281,2013,SKT,6281,1598,2013_SKT_6281,2013_SKT_6281,MIG,MIG,0,FWM2,606,38.16938889,-122.022,2,0,1,Male,3385023,1803708,0.291724,data/redo/Ht20-79_2012_G10.sort.flt.bam
BMAG048,G11,CAAGGAGC,Ht20-87_2012_G11,Ht20-87,Index20,GTGGCC,SFC_09_10,6282,10-Jan-13,2012,NA,44.24,ng/킠,3.4,6.6,NA,NA,72,NA,2013-SKT-6282,2013,SKT,6282,1599,2013_SKT_6282,2013_SKT_6282,MIG,MIG,0,FWM1,606,38.16938889,-122.022,2,0,1,Male,1759986,996002,0.161307,data/redo/Ht20-87_2012_G11.sort.flt.bam
BMAG048,H07,CTAAGGTC,Ht20-56_2012_H07,Ht20-56,Index20,GTGGCC,SFC_09_10,6294,6-Feb-13,2012,NA,41.03,ng/킠,3.7,6.3,NA,NA,64,NA,2013-SKT-6294,2013,SKT,6294,1607,2013_SKT_6294,2013_SKT_6294,FWR,FWR,0,FWR1,719,38.33554,-121.646902,1,1,0,Female,3567332,1908922,0.308425,data/redo/Ht20-56_2012_H07.sort.flt.bam
BMAG048,H08,GAACAGGC,Ht20-64_2012_H08,Ht20-64,Index20,GTGGCC,SFC_09_10,6297,6-Feb-13,2012,NA,45.88,ng/킠,3.3,6.7,NA,NA,70,NA,2013-SKT-6297,2013,SKT,6297,1608,2013_SKT_6297,2013_SKT_6297,MIG,MIG,0,FWM1,719,38.33554,-121.646902,1,0,0,Female,2564072,1398578,0.226035,data/redo/Ht20-64_2012_H08.sort.flt.bam
BMAG048,H10,GAGTTAGC,Ht20-80_2012_H10,Ht20-80,Index20,GTGGCC,SFC_09_10,6299,6-Feb-13,2012,NA,41.37,ng/킠,3.6,6.4,NA,NA,71,NA,2013-SKT-6299,2013,SKT,6299,1610,2013_SKT_6299,2013_SKT_6299,MIG,MIG,0,FWM1,719,38.33554,-121.646902,1,0,0,Female,1981806,1093367,0.176551,data/redo/Ht20-80_2012_H10.sort.flt.bam
BMAG047,A01,ACAAGCTA,Ht19-01_2012_A01,Ht19-1,Index19,GTGAAA,SFC_09_11,6302,6-Feb-13,2012,1,18.87,ng/킠,8,2,NA,3,65,NA,2013-SKT-6302,2013,SKT,6302,1613,2013_SKT_6302,2013_SKT_6302,FWR,FWR,0,FWR1,719,38.33554,-121.646902,1,1,0,Female,1773915,1137534,0.183198,data/redo/Ht19-01_2012_A01.sort.flt.bam
BMAG047,A02,AAACATCG,Ht19-09_2012_A02,Ht19-9,Index19,GTGAAA,SFC_09_11,6308,6-Feb-13,2012,1,34.17,ng/킠,4.4,5.6,NA,3,55,NA,2013-SKT-6308,2013,SKT,6308,1614,2013_SKT_6308,2013_SKT_6308,FWR,FWR,0,FWR1,719,38.33554,-121.646902,1,1,0,Female,3125277,1929776,0.31118,data/redo/Ht19-09_2012_A02.sort.flt.bam
BMAG047,A03,ACATTGGC,Ht19-17_2012_A03,Ht19-17,Index19,GTGAAA,SFC_09_11,6309,6-Feb-13,2012,1,39.95,ng/킠,3.8,6.2,NA,4,65,NA,2013-SKT-6309,2013,SKT,6309,1615,2013_SKT_6309,2013_SKT_6309,FWR,FWR,0,FWR1,719,38.33554,-121.646902,1,1,0,Female,1923995,1238472,0.200061,data/redo/Ht19-17_2012_A03.sort.flt.bam
BMAG047,A05,AACGTGAT,Ht19-33_2012_A05,Ht19-33,Index19,GTGAAA,SFC_09_11,6312,6-Feb-13,2012,1,48.14,ng/킠,3.1,6.9,NA,4,68,NA,2013-SKT-6312,2013,SKT,6312,1617,2013_SKT_6312,2013_SKT_6312,FWR,FWR,0,FWR1,719,38.33554,-121.646902,1,1,0,Female,1675808,1084906,0.174825,data/redo/Ht19-33_2012_A05.sort.flt.bam
BMAG047,A07,CAGATCTG,Ht19-49_2012_A07,Ht19-49,Index19,GTGAAA,SFC_09_11,6318,6-Feb-13,2012,1,39.63,ng/킠,3.8,6.2,NA,4,65,NA,2013-SKT-6318,2013,SKT,6318,1619,2013_SKT_6318,2013_SKT_6318,FWR,FWR,0,FWR1,719,38.33554,-121.646902,1,1,0,Female,2256546,1457760,0.235205,data/redo/Ht19-49_2012_A07.sort.flt.bam
BMAG047,A08,ATGCCTAA,Ht19-57_2012_A08,Ht19-57,Index19,GTGAAA,SFC_09_11,6320,6-Feb-13,2012,1,38.62,ng/킠,3.9,6.1,NA,3,65,NA,2013-SKT-6320,2013,SKT,6320,1620,2013_SKT_6320,2013_SKT_6320,MIG,MIG,0,FWM1,719,38.33554,-121.646902,1,0,0,Female,2190743,1400363,0.225976,data/redo/Ht19-57_2012_A08.sort.flt.bam
BMAG047,A09,AACGAACG,Ht19-65_2012_A09,Ht19-65,Index19,GTGAAA,SFC_09_11,6322,6-Feb-13,2012,1,29.01,ng/킠,5.2,4.8,NA,4,60,NA,2013-SKT-6322,2013,SKT,6322,1621,2013_SKT_6322,2013_SKT_6322,FWR,FWR,0,FWR1,719,38.33554,-121.646902,1,1,0,Female,2634252,1662329,0.268013,data/redo/Ht19-65_2012_A09.sort.flt.bam
BMAG047,A10,AGTACAAG,Ht19-73_2012_A10,Ht19-73,Index19,GTGAAA,SFC_09_11,6323,6-Feb-13,2012,2,30.57,ng/킠,4.9,5.1,NA,3,65,NA,2013-SKT-6323,2013,SKT,6323,1622,2013_SKT_6323,2013_SKT_6323,FWR,FWR,0,FWR1,719,38.33554,-121.646902,2,1,1,Male,1357110,894057,0.144653,data/redo/Ht19-73_2012_A10.sort.flt.bam
BMAG047,A11,CATCAAGT,Ht19-81_2012_A11,Ht19-81,Index19,GTGAAA,SFC_09_11,6324,6-Feb-13,2012,1,37.29,ng/킠,4,6,NA,3,60,NA,2013-SKT-6324,2013,SKT,6324,1623,2013_SKT_6324,2013_SKT_6324,FWR,FWR,0,FWR1,719,38.33554,-121.646902,1,1,0,Female,2646484,1687787,0.272323,data/redo/Ht19-81_2012_A11.sort.flt.bam
BMAG047,A12,AGTGGTCA,Ht19-89_2012_A12,Ht19-89,Index19,GTGAAA,SFC_09_11,6327,6-Feb-13,2012,2,39.71,ng/킠,3.8,6.2,NA,3,73,NA,2013-SKT-6327,2013,SKT,6327,1624,2013_SKT_6327,2013_SKT_6327,FWR,FWR,0,FWR1,719,38.33554,-121.646902,2,1,1,Male,1289057,851875,0.137978,data/redo/Ht19-89_2012_A12.sort.flt.bam
BMAG047,B01,AACAACCA,Ht19-02_2012_B01,Ht19-2,Index19,GTGAAA,SFC_09_11,6328,6-Feb-13,2012,2,42.07,ng/킠,3.6,6.4,NA,3,70,NA,2013-SKT-6328,2013,SKT,6328,1625,2013_SKT_6328,2013_SKT_6328,FWR,FWR,0,FWR1,719,38.33554,-121.646902,2,1,1,Male,1805848,1166530,0.188282,data/redo/Ht19-02_2012_B01.sort.flt.bam
BMAG047,B02,AACCGAGA,Ht19-10_2012_B02,Ht19-10,Index19,GTGAAA,SFC_09_11,6329,6-Feb-13,2012,2,47.46,ng/킠,3.2,6.8,NA,3,70,NA,2013-SKT-6329,2013,SKT,6329,1626,2013_SKT_6329,2013_SKT_6329,FWR,FWR,0,FWR1,719,38.33554,-121.646902,2,1,1,Male,3328243,2060343,0.331849,data/redo/Ht19-10_2012_B02.sort.flt.bam
BMAG047,B03,AACGCTTA,Ht19-18_2012_B03,Ht19-18,Index19,GTGAAA,SFC_09_11,6330,6-Feb-13,2012,1,261.37,ng/킠,1,9,NA,3,70,NA,2013-SKT-6330,2013,SKT,6330,1627,2013_SKT_6330,2013_SKT_6330,FWR,FWR,0,FWR1,719,38.33554,-121.646902,1,1,0,Female,1439954,948888,0.153159,data/redo/Ht19-18_2012_B03.sort.flt.bam
BMAG047,B04,AAGACGGA,Ht19-26_2012_B04,Ht19-26,Index19,GTGAAA,SFC_09_11,6331,6-Feb-13,2012,1,45.71,ng/킠,3.3,6.7,NA,4,68,NA,2013-SKT-6331,2013,SKT,6331,1628,2013_SKT_6331,2013_SKT_6331,FWR,FWR,0,FWR1,719,38.33554,-121.646902,1,1,0,Female,2678291,1696257,0.273888,data/redo/Ht19-26_2012_B04.sort.flt.bam
BMAG047,B08,ACCTCCAA,Ht19-58_2012_B08,Ht19-58,Index19,GTGAAA,SFC_09_11,6340,6-Feb-13,2012,1,37.78,ng/킠,4,6,NA,4,74,NA,2013-SKT-6340,2013,SKT,6340,1631,2013_SKT_6340,2013_SKT_6340,MIG,MIG,0,FWM1,719,38.33554,-121.646902,1,0,0,Female,2366969,1522158,0.245157,data/redo/Ht19-58_2012_B08.sort.flt.bam
BMAG047,B09,ACGCTCGA,Ht19-66_2012_B09,Ht19-66,Index19,GTGAAA,SFC_09_11,6341,6-Feb-13,2012,1,48.46,ng/킠,3.1,6.9,NA,4,79,NA,2013-SKT-6341,2013,SKT,6341,1632,2013_SKT_6341,2013_SKT_6341,MIG,MIG,0,FWM2,719,38.33554,-121.646902,1,0,0,Female,2183764,1395866,0.224804,data/redo/Ht19-66_2012_B09.sort.flt.bam
BMAG047,B10,ACGTATCA,Ht19-74_2012_B10,Ht19-74,Index19,GTGAAA,SFC_09_11,6343,6-Feb-13,2012,1,30.88,ng/킠,4.9,5.1,NA,3,60,NA,2013-SKT-6343,2013,SKT,6343,1633,2013_SKT_6343,2013_SKT_6343,FWR,FWR,0,FWR1,719,38.33554,-121.646902,1,1,0,Female,1376170,901580,0.145631,data/redo/Ht19-74_2012_B10.sort.flt.bam
BMAG047,C01,AGATCGCA,Ht19-03_2012_C01,Ht19-3,Index19,GTGAAA,SFC_09_11,6351,6-Feb-13,2012,1,46.79,ng/킠,3.2,6.8,NA,3,64,NA,2013-SKT-6351,2013,SKT,6351,1636,2013_SKT_6351,2013_SKT_6351,FWR,FWR,0,FWR1,719,38.33554,-121.646902,1,1,0,Female,3231031,2002496,0.323094,data/redo/Ht19-03_2012_C01.sort.flt.bam
BMAG047,C03,AGTCACTA,Ht19-19_2012_C03,Ht19-19,Index19,GTGAAA,SFC_09_11,6354,6-Feb-13,2012,2,25.21,ng/킠,6,4,NA,3,70,NA,2013-SKT-6354,2013,SKT,6354,1638,2013_SKT_6354,2013_SKT_6354,FWR,FWR,0,FWR1,719,38.33554,-121.646902,2,1,1,Male,1752222,1134950,0.183532,data/redo/Ht19-19_2012_C03.sort.flt.bam
BMAG047,C04,ATCCTGTA,Ht19-27_2012_C04,Ht19-27,Index19,GTGAAA,SFC_09_11,6356,6-Feb-13,2012,2,41.24,ng/킠,3.6,6.4,NA,3,71,NA,2013-SKT-6356,2013,SKT,6356,1639,2013_SKT_6356,2013_SKT_6356,MIG,MIG,0,FWM1,719,38.33554,-121.646902,2,0,1,Male,1813114,1147521,0.183335,data/redo/Ht19-27_2012_C04.sort.flt.bam
BMAG047,C05,ATTGAGGA,Ht19-35_2012_C05,Ht19-35,Index19,GTGAAA,SFC_09_11,6358,7-Feb-13,2012,2,44.09,ng/킠,3.4,6.6,NA,3,72,NA,2013-SKT-6358,2013,SKT,6358,1640,2013_SKT_6358,2013_SKT_6358,MIG,MIG,0,FWM1,606,38.16938889,-122.022,2,0,1,Male,2415084,1550047,0.250577,data/redo/Ht19-35_2012_C05.sort.flt.bam
BMAG047,C08,CAATGGAA,Ht19-59_2012_C08,Ht19-59,Index19,GTGAAA,SFC_09_11,6366,7-Feb-13,2012,2,121.18,ng/킠,1.2,8.8,NA,2,70,NA,2013-SKT-6366,2013,SKT,6366,1642,2013_SKT_6366,2013_SKT_6366,MIG,MIG,0,FWM1,609,38.167744,-121.934369,2,0,1,Male,1351965,898466,0.145399,data/redo/Ht19-59_2012_C08.sort.flt.bam
BMAG047,C09,CACTTCGA,Ht19-67_2012_C09,Ht19-67,Index19,GTGAAA,SFC_09_11,6367,7-Feb-13,2012,2,43.72,ng/킠,3.4,6.6,NA,3,65,NA,2013-SKT-6367,2013,SKT,6367,1643,2013_SKT_6367,2013_SKT_6367,MIG,MIG,0,FWM1,609,38.167744,-121.934369,2,0,1,Male,2048359,1335005,0.215276,data/redo/Ht19-67_2012_C09.sort.flt.bam
BMAG047,D01,CCGAAGTA,Ht19-04_2012_D01,Ht19-4,Index19,GTGAAA,SFC_09_11,6372,7-Feb-13,2012,1,40.61,ng/킠,3.7,6.3,NA,3,67,NA,2013-SKT-6372,2013,SKT,6372,1647,2013_SKT_6372,2013_SKT_6372,MIG,MIG,0,FWM1,609,38.167744,-121.934369,1,0,0,Female,1567519,1017430,0.164352,data/redo/Ht19-04_2012_D01.sort.flt.bam
BMAG047,D02,CCGTGAGA,Ht19-12_2012_D02,Ht19-12,Index19,GTGAAA,SFC_09_11,6373,7-Feb-13,2012,2,48.48,ng/킠,3.1,6.9,NA,3,71,NA,2013-SKT-6373,2013,SKT,6373,1648,2013_SKT_6373,2013_SKT_6373,MIG,MIG,0,FWM1,609,38.167744,-121.934369,2,0,1,Male,1635649,1069664,0.172125,data/redo/Ht19-12_2012_D02.sort.flt.bam
BMAG047,D05,CGACTGGA,Ht19-36_2012_D05,Ht19-36,Index19,GTGAAA,SFC_09_11,6377,7-Feb-13,2012,1,47.61,ng/킠,3.2,6.8,NA,2,70,NA,2013-SKT-6377,2013,SKT,6377,1651,2013_SKT_6377,2013_SKT_6377,MIG,MIG,0,FWM1,609,38.167744,-121.934369,1,0,0,Female,2961213,1851201,0.298806,data/redo/Ht19-36_2012_D05.sort.flt.bam
BMAG047,D06,CGCATACA,Ht19-44_2012_D06,Ht19-44,Index19,GTGAAA,SFC_09_11,6378,7-Feb-13,2012,2,48.3,ng/킠,3.1,6.9,NA,3,80,NA,2013-SKT-6378,2013,SKT,6378,1652,2013_SKT_6378,2013_SKT_6378,MIG,MIG,0,FWM1,609,38.167744,-121.934369,2,0,1,Male,2488245,1571110,0.254178,data/redo/Ht19-44_2012_D06.sort.flt.bam
BMAG047,D08,CTGAGCCA,Ht19-60_2012_D08,Ht19-60,Index19,GTGAAA,SFC_09_11,6380,7-Feb-13,2012,2,337.57,ng/킠,1,9,NA,2,73,NA,2013-SKT-6380,2013,SKT,6380,1654,2013_SKT_6380,2013_SKT_6380,MIG,MIG,0,FWM1,609,38.167744,-121.934369,2,0,1,Male,2657816,1676398,0.271013,data/redo/Ht19-60_2012_D08.sort.flt.bam
BMAG047,E01,GATAGACA,Ht19-05_2012_E01,Ht19-5,Index19,GTGAAA,SFC_09_11,6389,7-Feb-13,2012,1,301.72,ng/킠,1,9,NA,4,75,NA,2013-SKT-6389,2013,SKT,6389,1658,2013_SKT_6389,2013_SKT_6389,MIG,MIG,0,FWM1,610,38.167744,-121.934369,1,0,0,Female,1353823,889529,0.144106,data/redo/Ht19-05_2012_E01.sort.flt.bam
BMAG047,E04,GCTAACGA,Ht19-29_2012_E04,Ht19-29,Index19,GTGAAA,SFC_09_11,6397,6-Mar-13,2012,2,290.1,ng/킠,1,9,NA,6,75,NA,2013-SKT-6397,2013,SKT,6397,1661,2013_SKT_6397,2013_SKT_6397,MIG,MIG,0,FWM1,704,38.06941667,-121.775,2,0,1,Male,1416724,931596,0.15069,data/redo/Ht19-29_2012_E04.sort.flt.bam
BMAG047,E06,GGAGAACA,Ht19-45_2012_E06,Ht19-45,Index19,GTGAAA,SFC_09_11,6399,6-Mar-13,2012,2,221.21,ng/킠,1,9,NA,6,79,NA,2013-SKT-6399,2013,SKT,6399,1663,2013_SKT_6399,2013_SKT_6399,MIG,MIG,0,FWM1,704,38.06941667,-121.775,2,0,1,Male,1419429,936271,0.151282,data/redo/Ht19-45_2012_E06.sort.flt.bam
BMAG047,E09,GTCGTAGA,Ht19-69_2012_E09,Ht19-69,Index19,GTGAAA,SFC_09_11,6402,6-Mar-13,2012,2,424.28,ng/킠,1,9,NA,6,75,NA,2013-SKT-6402,2013,SKT,6402,1666,2013_SKT_6402,2013_SKT_6402,MIG,MIG,0,FWM1,704,38.06941667,-121.775,2,0,1,Male,1730761,1131257,0.182831,data/redo/Ht19-69_2012_E09.sort.flt.bam
BMAG047,E10,GTCTGTCA,Ht19-77_2012_E10,Ht19-77,Index19,GTGAAA,SFC_09_11,6403,6-Mar-13,2012,2,197.18,ng/킠,1,9,NA,3,70,NA,2013-SKT-6403,2013,SKT,6403,1667,2013_SKT_6403,2013_SKT_6403,MIG,MIG,0,FWM1,704,38.06941667,-121.775,2,0,1,Male,1566967,1027442,0.166059,data/redo/Ht19-77_2012_E10.sort.flt.bam
BMAG047,F03,TCTTCACA,Ht19-22_2012_F03,Ht19-22,Index19,GTGAAA,SFC_09_11,6408,6-Mar-13,2012,1,47.14,ng/킠,3.2,6.8,NA,4,69,NA,2013-SKT-6408,2013,SKT,6408,1672,2013_SKT_6408,2013_SKT_6408,MIG,MIG,0,FWM1,706,38.09169444,-121.739,1,0,0,Female,1647876,1078025,0.173648,data/redo/Ht19-22_2012_F03.sort.flt.bam
BMAG047,F04,TGAAGAGA,Ht19-30_2012_F04,Ht19-30,Index19,GTGAAA,SFC_09_11,6409,6-Mar-13,2012,1,174.15,ng/킠,1,9,NA,4,75,NA,2013-SKT-6409,2013,SKT,6409,1673,2013_SKT_6409,2013_SKT_6409,MIG,MIG,0,FWM1,706,38.09169444,-121.739,1,0,0,Female,1329659,884722,0.143192,data/redo/Ht19-30_2012_F04.sort.flt.bam
BMAG047,F08,TTCACGCA,Ht19-62_2012_F08,Ht19-62,Index19,GTGAAA,SFC_09_11,6413,7-Mar-13,2012,2,209.4,ng/킠,1,9,NA,3,79,NA,2013-SKT-6413,2013,SKT,6413,1676,2013_SKT_6413,2013_SKT_6413,MIG,MIG,0,FWM1,609,38.167744,-121.934369,2,0,1,Male,1272117,849269,0.137203,data/redo/Ht19-62_2012_F08.sort.flt.bam
BMAG047,F09,ACACGAGA,Ht19-70_2012_F09,Ht19-70,Index19,GTGAAA,SFC_09_11,6414,7-Mar-13,2012,2,161.13,ng/킠,1,9,NA,6,77,NA,2013-SKT-6414,2013,SKT,6414,1677,2013_SKT_6414,2013_SKT_6414,BWR,MIG,1,FWM1,609,38.167744,-121.934369,2,0,1,Male,2012878,1302042,0.210269,data/redo/Ht19-70_2012_F09.sort.flt.bam
BMAG047,F12,AATCCGTC,Ht19-94_2012_F12,Ht19-94,Index19,GTGAAA,SFC_09_11,6417,6-Mar-13,2012,2,40.4,ng/킠,3.7,6.3,NA,2,62,NA,2013-SKT-6417,2013,SKT,6417,1680,2013_SKT_6417,2013_SKT_6417,FWR,FWR,0,FWR1,719,38.33554,-121.646902,2,1,1,Male,1755566,1128094,0.181916,data/redo/Ht19-94_2012_F12.sort.flt.bam
BMAG047,G02,ACACTGAC,Ht19-15_2012_G02,Ht19-15,Index19,GTGAAA,SFC_09_11,6419,6-Mar-13,2012,2,47.72,ng/킠,3.1,6.9,NA,3,66,NA,2013-SKT-6419,2013,SKT,6419,1682,2013_SKT_6419,2013_SKT_6419,FWR,FWR,0,FWR1,719,38.33554,-121.646902,2,1,1,Male,1600490,1015333,0.163648,data/redo/Ht19-15_2012_G02.sort.flt.bam
BMAG047,G03,ACAGATTC,Ht19-23_2012_G03,Ht19-23,Index19,GTGAAA,SFC_09_11,6420,6-Mar-13,2012,1,46.58,ng/킠,3.2,6.8,NA,4,70,NA,2013-SKT-6420,2013,SKT,6420,1683,2013_SKT_6420,2013_SKT_6420,MIG,MIG,0,FWM1,719,38.33554,-121.646902,1,0,0,Female,1918521,1238081,0.200179,data/redo/Ht19-23_2012_G03.sort.flt.bam
BMAG047,G07,AGGCTAAC,Ht19-55_2012_G07,Ht19-55,Index19,GTGAAA,SFC_09_11,6424,6-Mar-13,2012,2,45.57,ng/킠,3.3,6.7,NA,6,73,NA,2013-SKT-6424,2013,SKT,6424,1687,2013_SKT_6424,2013_SKT_6424,MIG,MIG,0,FWM1,719,38.33554,-121.646902,2,0,1,Male,1443441,927796,0.149571,data/redo/Ht19-55_2012_G07.sort.flt.bam
BMAG047,G09,ACGACAAG,Ht19-71_2012_G09,Ht19-71,Index19,GTGAAA,SFC_09_11,6426,6-Mar-13,2012,2,186.97,ng/킠,1,9,NA,3,69,NA,2013-SKT-6426,2013,SKT,6426,1689,2013_SKT_6426,2013_SKT_6426,FWR,FWR,0,FWR1,719,38.33554,-121.646902,2,1,1,Male,1857029,1208576,0.194892,data/redo/Ht19-71_2012_G09.sort.flt.bam
BMAG047,G10,ATTGGCTC,Ht19-79_2012_G10,Ht19-79,Index19,GTGAAA,SFC_09_11,6427,6-Mar-13,2012,2,46.18,ng/킠,3.2,6.8,NA,6,72,NA,2013-SKT-6427,2013,SKT,6427,1690,2013_SKT_6427,2013_SKT_6427,FWR,FWR,0,FWR1,719,38.33554,-121.646902,2,1,1,Male,1991306,1262862,0.203553,data/redo/Ht19-79_2012_G10.sort.flt.bam
BMAG047,H06,CGGATTGC,Ht19-48_2012_H06,Ht19-48,Index19,GTGAAA,SFC_09_11,6435,6-Mar-13,2012,1,38.34,ng/킠,3.9,6.1,NA,6,69,NA,2013-SKT-6435,2013,SKT,6435,1697,2013_SKT_6435,2013_SKT_6435,FWR,FWR,0,FWR1,719,38.33554,-121.646902,1,1,0,Female,1493818,979601,0.158497,data/redo/Ht19-48_2012_H06.sort.flt.bam
BMAG047,H07,CTAAGGTC,Ht19-56_2012_H07,Ht19-56,Index19,GTGAAA,SFC_09_11,6436,6-Mar-13,2012,2,197.08,ng/킠,1,9,NA,3,69,NA,2013-SKT-6436,2013,SKT,6436,1698,2013_SKT_6436,2013_SKT_6436,MIG,MIG,0,FWM1,719,38.33554,-121.646902,2,0,1,Male,3608198,2212602,0.356714,data/redo/Ht19-56_2012_H07.sort.flt.bam
BMAG047,H08,GAACAGGC,Ht19-64_2012_H08,Ht19-64,Index19,GTGAAA,SFC_09_11,6437,6-Mar-13,2012,2,43.38,ng/킠,3.5,6.5,NA,3,68,NA,2013-SKT-6437,2013,SKT,6437,1699,2013_SKT_6437,2013_SKT_6437,FWR,FWR,0,FWR1,719,38.33554,-121.646902,2,1,1,Male,4126087,2471924,0.398996,data/redo/Ht19-64_2012_H08.sort.flt.bam
BMAG047,H09,GACAGTGC,Ht19-72_2012_H09,Ht19-72,Index19,GTGAAA,SFC_09_11,6438,6-Mar-13,2012,2,46.53,ng/킠,3.2,6.8,NA,3,69,NA,2013-SKT-6438,2013,SKT,6438,1700,2013_SKT_6438,2013_SKT_6438,FWR,FWR,0,FWR1,719,38.33554,-121.646902,2,1,1,Male,1329663,863519,0.139329,data/redo/Ht19-72_2012_H09.sort.flt.bam
BMAG047,H10,GAGTTAGC,Ht19-80_2012_H10,Ht19-80,Index19,GTGAAA,SFC_09_11,6439,6-Mar-13,2012,2,42.37,ng/킠,3.5,6.5,NA,3,65,NA,2013-SKT-6439,2013,SKT,6439,1701,2013_SKT_6439,2013_SKT_6439,FWR,FWR,0,FWR1,719,38.33554,-121.646902,2,1,1,Male,1935063,1233122,0.198361,data/redo/Ht19-80_2012_H10.sort.flt.bam
BMAG047,H12,GCCAAGAC,Ht19-96_2012_H12,Ht19-96,Index19,GTGAAA,SFC_09_11,6441,7-Mar-13,2012,2,48.07,ng/킠,3.1,6.9,NA,2,80,NA,2013-SKT-6441,2013,SKT,6441,1703,2013_SKT_6441,2013_SKT_6441,MIG,MIG,0,FWM1,606,38.16938889,-122.022,2,0,1,Male,1249397,821205,0.132488,data/redo/Ht19-96_2012_H12.sort.flt.bam
